Keyword,Score
Agence Rossel,0.0006975799273000112
BELLE MAISON,0.0013662081480984801
Agence Rossel,0.0017207987221872206
Ledit notaire,0.0018399898632343787
notaire VAN,0.002037891356415082
BELLE MAISON,0.00216519326574648
Agence Rossel,0.0021744848278108363
Ledit notaire,0.0023512771516076714
Agence Rossel,0.0024280779041161277
belle MAISON,0.0026514807702798467
Agence Rossel,0.0027543057700874
Agence Rossel,0.0027909900547092746
Agence Rossel,0.0029805879400731233
Académie Royale,0.003073659551423866
Agence Rossel,0.0031780703666202666
Agence Rossel,0.0032102829421320517
Agence Rossel,0.0034953154188307684
Agence Rossel,0.0037445232215797706
Marie Parren,0.0038117150537182506
Congo Belge,0.0038528473045089944
BELLE MAISON,0.0038596839509896833
Agence Bossei,0.0039104654751534245
Agence Rossel,0.003941031595896739
SWIMMING CLUB,0.004115518830134606
LOUER maison,0.004247212410188884
Anspach SAISON,0.004354277452995962
INTERVENTION SEMBLE,0.0043762261360663435
WLS SPÉCIAUX,0.004438131297630017
GARÇONNET BOIT,0.004518690192462052
DIJK ÀCCÎ,0.0046434597103672415
vente publique,0.004789259038182017
LOUER maison,0.004810025823597466
OFFICE APPLIANCE,0.004913569545174743
Agence Rossel,0.0049979691167412865
Agence Rossel,0.005064610133931161
GUERIRA SUREMENT,0.00507150103667305
CREDIT IMPERMEABLES,0.005127331306589718
Merveilleuse Mçlliode,0.005130090434081018
LITS ANGLAIS,0.005170072504927538
Etablissements EXCELSIOR,0.005170072504927538
ANGLAIS Etablissements,0.0052131718398512866
BONNE MAISON,0.005241430252405922
TERME FIXE,0.005311040422220159
Belle Maison,0.00540189708900271
BELLE MAISON,0.005543365089290857
VAN IMPE,0.005553125737366031
Appendicite Artéiïo,0.00576265663315827
FORTES CHALEURS,0.005781054245157821
VOULEZ ECHAPPER,0.005781054245157821
Mme Péral,0.006006815670193203
Chambre française,0.00630136912517349
BELLE PROPRIETE,0.006321879597587881
notaire MARCHANT,0.006444972452459109
notaire vendra,0.006490752782001926
VENTE PUBLIQUE,0.006788865036700682
Agence Rossel,0.007062960040278253
docteur Bougrat,0.007636248177408451
BELLE VILLA,0.007643273179669938
Léon Daudet,0.007865513615451502
BONNE MAISON,0.008182694907596908
notaire MARESCAUX,0.008247420613309932
Demande bonne,0.008248851703905878
Deutsche Bank,0.008507031670332996
notaire Camille,0.008708431977960823
SPORTING CLUB,0.008817247949042836
demande bon,0.008867034158375125
DEMANDE bonne,0.008989539383538383
Jolie maison,0.009116387482998185
Bons gages,0.009183598927448512
Agence Rossel,0.009667308657224778
notaire DUPONT,0.009674365523416419
Ledit notaire,0.009713298711512684
notaire BRUNET,0.009713484647909472
BONNE MAISON,0.009733872297702983
LOUER Belle,0.009756598447917793
SOIR Etude,0.009839195747873501
belle maison,0.009871644430199314
Philippe Daudet,0.01000155875156577
jouissance immédiate,0.010027534845438543
Jne fille,0.010048889065916583
FEMME dem,0.010456984474387535
Lloyd Royal,0.010509289395442541
VENDRE Libre,0.01051773101500276
louer maison,0.010608784336786
concours aveo,0.010651110485270314
BON piano,0.010721500911729161
LOUER MAISON,0.010729004955613
BOXINQ CLUB,0.010753113834544819
SIMILI CUIR,0.010890286261215104
Van Iseghem,0.010922351303193923
Demain dimanche,0.010972009487186019
GRAND LUXE,0.011017502841912708
demande place,0.011085142830705568
RENTIER rue,0.011386023243615673
général Sarrail,0.011678178714753566
Agence Bossol,0.01173417118286607
CLUB BAT,0.011784388096523258
VENDRE MAISON,0.011911140324934243
BELLE PROPRIETE,0.011933500561769967
louer maison,0.012025463582451051
rue Van,0.012186196525857208
Belle maison,0.012410692358367684
Ghent Swimming,0.012446281000501843
vendra publiquement,0.012631468507201227
Princesse Elisabeth,0.012647664757616299
OJRES INTCREtiANTS,0.012857492988786485
rue Royale,0.012988272305060758
l’abbé Yves,0.013217542439824538
ledit notaire,0.013297267450909249
rue Royale,0.013488939096303897
Atalante valante,0.013526464617971098
PETITS DIABLES,0.013644790923608726
Notaire Van,0.01372257170881202
vendra publiquement,0.013831934426695471
DEM. fem,0.013851849079566112
demande place,0.013874657316997482
rue Van,0.013934724781750809
bon état,0.014039657037657426
DEMANDE FILLE,0.0140638531746736
mètre Lot,0.014095857473032786
Den Haag,0.014212696398851758
Pastilles VALDA,0.014239008403864167
Van den,0.014269617628283281
TOM MIX,0.014472951233874374
SEMBLE S’IMÇO,0.01456157717633548
Territoires neutres,0.014658311609404503
louer bel,0.014770005389170842
Bons gages,0.014872883891165489
d’un pays,0.015047551449548224
LOUER bel,0.015062491983266157
vente publique,0.015096223828326179
grand Conseil,0.015147653804345004
CQÜR D’ASSISES,0.015152070580219069
restauration économique,0.015211922101926
fique'i Birîelj,0.015307485647355224
ACTIF OFFICE,0.015312930610798347
Mlle Brissot,0.015390196804927958
prix d’une,0.015396335986925917
BONNES MAISONS,0.015724290757217766
GRAND LUXE,0.015801012990696688
ballon belge,0.015876427386430733
Pelote Bethléem,0.015936548449751845
belle maison,0.01597322674873391
SOIR WLS,0.016217287675235722
belle villa,0.01625275577341556
LUCIEN DALSACE,0.016262098553460707
notaire HAUCHAMPS,0.016420129200025863
LOUER app,0.016530628569691598
rue Neuve,0.016640460300436418
Cour d’appel,0.01675930677455967
Camille HAUCHAMPS,0.016888356011617266
SOXINO CLUB,0.017126611073228583
Maison Communale,0.017138298560314555
notaire DUPONT,0.01716258707131871
demande jeune,0.017190864459694696
jeune homme,0.017201680636212996
rue Neuve,0.017234077415198144
COUTURE dem,0.017262820107068595
NOTAIRES Etude,0.01734844401159042
LOUER appart,0.017370081065688596
rue Royale,0.017407296442582435
langue véhiculaire,0.017470398913669364
gouvernement allemand,0.017674940857979837
HERNIE GUÉRISON,0.017700794723898954
demande bon,0.017759578469379998
bonnes ouvrières,0.017766609943530035
louer app,0.017855899406971545
Sport Nautique,0.017997773990682146
louer mais,0.018069955209636907
siège social,0.018233030539168988
demande bon,0.018234866857745047
DESIRE louer,0.018325032995379957
louer app,0.01850974143200005
tomac Maladie,0.018532866746594844
foie Maladie,0.018603740385736815
FEMME dem,0.018845441363037112
BRUXELLES PRETS,0.019022514955035336
d’une valeur,0.019075190344194047
bonnes ouvrières,0.019091632624589506
BELLES MAISONS,0.01912691407337872
PALAIS D’EGMONT,0.019246596225846138
demande bon,0.019299865106544134
LOUER Libre,0.019310690981677026
demande bonne,0.019388586137552188
L’EXPOSITION INTERNATIONALE,0.019394240410530714
VHVf Wwf,0.019394240410530714
louer BELLE,0.019396012532269493
CHARCUTERIE dem,0.01946092902171331
VENDRE MAISON,0.019536133482992664
DEMANDE fille,0.019612131254705397
maison libre,0.01962060406712589
rue Van,0.019634404942150612
DESIRE LOUER,0.0199958704061859
louer appart,0.020049943962393495
demande bon,0.02011821539256276
Marché Poulets,0.020230547602691593
jolie maison,0.020247361801326344
Nicolas Defrêcheux,0.020259177925227217
Mçlliode entièrement,0.020353111528727947
belge disp,0.02044130272722624
BEL app,0.020697484641328815
cause santé,0.020730446943012737
bat Van,0.02076980327692036
LOUER bel,0.02090741270651854
BON PIANO,0.020974158322663566
cherche place,0.02111238418396718
VÉLOS CUISiMÈRES,0.021150802412085362
rue Defacqz,0.02120670449574459
Victor Boucher,0.021234398489510503
BRUXELLES Etude,0.02133962293958767
BAT GHENT,0.02135827124610763
bon état,0.021494666538181766
l’Art Wallon,0.021652672413506175
Bon ouvrier,0.021665704804425576
Robert Van,0.02171270526933249
seconde langue,0.021899921167029282
BEAU TERRAIN,0.021990974279658834
louer pet,0.022140302604520157
maison rentier,0.022194286508080047
LUTTE ANTI-VENERIENNE,0.02228128587585675
Pelote Joyeuse,0.022309888003829593
LOUER bel,0.02233803068443446
LOUER maison,0.02238028497559068
ÉiLM GÜÉRJSON,0.022412635461301657
rue Van,0.022440522475386512
d’une entente,0.02250946238489238
demeurant rue,0.022516178017268296
DEMANDE bonne,0.022541322306123598
JEUNE FEMME,0.022563433445442108
LOUER beau,0.02257618066477633
Belgique bat,0.02284908632079992
vendre jolie,0.022868835992017715
dimanche matin,0.022927621885925037
demeurant rue,0.02306078621238261
charbons belges,0.023214997390515302
VENDRE Belle,0.02326937369641145
EXPOSITION TRIENNALE,0.02331613715018251
pigeons lâchés,0.02334250439573431
RUE ROYALE,0.023362991002859917
Bon piano,0.02344073997217284
mtmm Etabl,0.02346457601594021
bel app,0.023570773019030256
Marché Poulets,0.023616748874288197
vendre prix,0.02371333967779476
Conseil d'administration,0.023761981248952492
Anvers disp,0.02383318321420282
Mme Colette,0.023973787164342886
BONNE MAISON,0.02405259046422631
Bon comptable,0.024055154539505425
demande place,0.024076737119133752
Commerce française,0.02412663829632711
rue Royale,0.02422236978403587
rue Gallait,0.02444757402115053
DIMANCHE PROCHAIN,0.024478132156535864
bat Hollande,0.024522130056696758
Hollande bat,0.024522130056696758
villa meublée,0.024549860822833836
LOUER LIBRE,0.02464574331977026
Belle Maison,0.024655720765953425
BAS CHANCBUfcfUÎ,0.025227017807157692
JNE FEM.,0.02528674930360816
Van Parys,0.025390600090400905
BON COMMERCE,0.025415980411400318
Racing Club,0.025478094854884937
GASTON ROUDES,0.025586942847684885
ARMEMENTS Question,0.02567846500653163
FOIRE COMMERCIALE,0.025760423320266956
Mme Louvieaux,0.02580012926544095
LOUER appart,0.025862725650518583
Van Belle,0.025892755058864944
demeurant rue,0.02591045705277564
TORPEDO FIAT,0.026102746491653075
belle qualité,0.026201477370486937
TOUR EIFFEL,0.02662452765996779
avenue Louise,0.026691498925808473
haut prix,0.02673064753156322
d’une Cour,0.026790252175005847
ORANO MATCH,0.02681194418489596
DEMANDE fille,0.026881365498958646
Savon Palmolive,0.02691957672953532
Van Doorslaer,0.027043369814509083
LOUER rue,0.02714292795149916
rue Neuve,0.027261064388275396
rue Neuve,0.027278155185863313
gros demande,0.027410947506475377
rue Stévin,0.027582388494420355
VICTIME DIJK,0.02759178643688889
RADICALE San,0.02779583100042484
Colonie française,0.027828201406321206
Mme Huntinton,0.027872590764879076
Royal Belge,0.02799351607337447
demeurant rue,0.028055246873963397
samedi soir,0.028070993821472795
louer rues,0.02807158524478408
rue Marché,0.0281119653265554
Royal Metôoroiofllquo,0.02813986978392769
Van Kempen,0.028246859973266314
Prix modérés,0.02826488780638886
Van den,0.028285926772948156
Van Praet,0.02829624854785758
parfait état,0.028328874049082776
demande bon,0.028519484329771846
DEMANDE Représentant,0.028524571735952717
Prix modérés,0.028774524786488488
L’UNION VERRIÈRE,0.02877660595221213
FER Hîett,0.02906835782460395
PERDU petit,0.029176393544975195
demeurant rue,0.02931534457938707
Conseil Art,0.029316765981810905
BRUXELLES Prix,0.02932970399625213
JNE FEMME,0.029437555987024286
Contrai Boxing,0.02952106539220597
rue Rogier,0.02952371778937315
disp Piata,0.029540979020499538
rue Royale,0.029559008251433858
demeurant rue,0.029599381790319554
vendre maison,0.029650720356742113
Ghent Club,0.029666463109212938
DEMANDE SERVEUSE,0.029811507074502825
Bureau Commercial,0.029814034062690287
CHAUSSURES dem,0.030045593531963524
affaires étrangères,0.03015210066440795
FRANCE DHELIA,0.03027912944643459
prix défiant,0.03034738076965911
Longue rue,0.03053470595891674
bons ouvriers,0.03058853604917323
dem bons,0.030672652274029884
Philippe Danglay,0.03070143904243042
i’U pasîxi,0.03070387193876195
seul bond,0.03070387193876195
Mme Moison,0.030720462929725502
BRUXELLES demande,0.030764979335285884
BOURSE ANVERS,0.030793843893369276
Anvers cap,0.030795073566761033
VENDRE D'OCCASION,0.030822499602276895
Agence Rossel,0.030829994141812013
Agença Rossel,0.03090704044240065
Agence Belge,0.03106110103505468
van Artovolde,0.03114915589618343
GRAND PRIX,0.03124813569752631
gros dem,0.03125251018059809
COIFFEUR dem,0.03125259233368331
gouvernement espagnol,0.03133578347458065
Agence Rossel,0.03151001769141751
tante Made,0.03153344298385085
coin rue,0.03155977506383113
LOUER App,0.031601937622298806
rue Royale,0.03171583505199673
CUISINE FRANÇAISE,0.031838516156816044
AFFAIRES ÉTRANGÈRES,0.031860144035740695
Jeune Homme,0.03190811340171032
Samedi matin,0.031931109452535085
LEROY prénommé,0.03223268997501308
prix d’Honneur,0.03223305060457146
langues usitées,0.0322611887750855
Van Steenlandt,0.032288393448322975
Bons gag,0.03229922884565024
parfait état,0.03238744780836868
d’Anvers COUHS,0.03239056511704273
HAUT PRIX,0.03251329151273789
Van Praet,0.03253456681494859
PELOTE BRUXELLES,0.03255077174125505
actions Indes,0.0325548724328567
bon état,0.03258870151297218
Van Hevel,0.03263797681679388
Samedi soir,0.03264354699155828
Agence Rossel,0.032710330392682355
vente publique,0.03282490304862319
bon état,0.032882442420917604
VENDRE LIBRES,0.032891700742893375
Agence Rossel,0.033009082069162844
DESIRE louer,0.033012490053464086
route provinciale,0.03309207897570998
HARMS BRUXELLES,0.033183292594364776
Togo français,0.033507918190245824
bonne santé,0.033558435632466285
Bel app,0.03362041782511248
Beau piano,0.03362074985789578
Aristide Briand,0.03378149995014076
Etoile Belge,0.03385637539829579
Lotion Taïa,0.0338790489802529
rue Féronstrée,0.03396842184301399
Vau den,0.03399882828487867
Colette Paris,0.034091852920672044
CHARCUTERIE dem,0.03412118805309314
place dem,0.034137162193441026
Cour d’assises,0.034156797429191504
Grand choix,0.03427365882314416
BEAU quart,0.034295881744524026
Prix modérés,0.034382869880888935
BELLES MAISONS,0.03446925001363801
Rue Neuve,0.03458953597088717
den Wouwer,0.03460694238269417
Boeing Club,0.03468275229787342
LOUER appart,0.034733835791374436
COIFFEUR dem,0.03489547437855692
NATIONAL SOXINO,0.03497668010905446
Van Durme,0.03499244062725444
Maurice Danglay,0.03499395102918355
Marie-Louise Parren,0.0350708936192246
NOVICES VINS,0.03516689536194018
pure laine,0.03528490558504936
rue Royale,0.035363941335380594
rue Neuve,0.03543977462035487
Mmes Maligne,0.03556959985600089
RUE NEUVE,0.03559102876117946
langues nationales,0.035670240320917895
Boulevard Anspach,0.035678379609963985
OESUTANTS Lundi,0.03600407807558365
Bon PIANO,0.036088832292632156
RUE ROYALE,0.03608993425209404
JEUNE FILLE,0.03620662941566572
NOTE BELGE,0.036206842959567734
droit dis,0.03622956226879065
Fémina Club,0.03630446974235746
Jacques Pilorget,0.036328844946847634
d'une BELLE,0.036413253155960626
rue Hydraulique,0.036542689408068596
Soldées Lot,0.03665385979605587
ACHAT bons,0.036663082554182484
Belle maison,0.03688596633382279
Indes orientales,0.0369146255109802
place demande,0.036929699470488
Jes Anglais,0.0369785367822355
Indigène disp,0.03698749171165637
COUHS OFFICIELS,0.03707735309475487
demande garçon,0.03716193692255707
Van Marcke,0.037251737246473196
Longue rue,0.03729305984180214
louer Belle,0.03730205775793205
demeurant rue,0.037304025767072646
Parren quitta,0.0373490849782673
rue Marché,0.03735435909963255
Prix Van,0.03748233777939823
Grande maison,0.03761285153040149
Herbes Potagères,0.037693825242343756
lis Territoires,0.037770375387723785
Ministres nationalistes,0.03788330464407758
dtenlantvÿhu tedoutaWoi,0.03788524153565474
dri créer,0.03788524153565474
créer l'alarme,0.03788524153565474
Olivier Bagneur,0.03793236806212735
politique française,0.03794693112131893
kilos. Bruxelles,0.03806479025867047
demande PIANO,0.038170934175897744
LOUER Belle,0.03828928009157581
jeune homme,0.03829238894597113
Denis Bodden,0.038305845214928046
Caisse générale,0.038420209602013644
Stade Louvauiste,0.038434045458786446
Dominique Thibault,0.038453850550585617
BRUXELLES demande,0.03846374438423994
rue Van,0.03853374869653493
HEURES PRIX,0.038561384348187656
présent avis,0.0386218703526444
Cercle Sportif,0.03865293530893442
rue Royale,0.03877696614760543
GRAND BAZAR,0.03896323666276918
Clément Maquet,0.03898198579439066
rue Marché,0.039037192693868454
BAS PRIX,0.03920879576580002
Bons vieux,0.039218357655990584
langue employée,0.039236768908516545
bon état,0.03924828000486436
gros dem,0.03927593759527594
rue Van,0.03928058143084974
marine marchande,0.03932700849507798
Louis Silvérans,0.03935040092091146
TORPEDO GRAND,0.03952840806164681
BEL appart,0.039546790331030486
Louis Van,0.03960487525512598
maison louer,0.0396414001717172
l’Agence Rossel,0.03965936776167855
rue Rogier,0.03978195916804654
Cercle Sportif,0.03987628051585037
Occasion Unique,0.0399540148554255
Unique SOLDE,0.0399540148554255
Louis XIV,0.04004508536223376
rue Van,0.04010734086701516
rue Linnée,0.04010966779747815
TOUR FINAL,0.04023483070610793
lendemain matin,0.040271020509036574
IIARMS BRUXELLES,0.040385555638902976
BRUXELLES Prix,0.040495387566569785
Mme Bertin,0.040585539230001015
nations étrangères,0.04063821987681659
rue Van,0.040653077185048736
jeune fille,0.040686536167349775
Littérature françaises,0.04075115858985207
rue Royale,0.04094896687095068
Anvers disp,0.040968482593932654
h'Etoile belge,0.041106024102984196
PETITE BALLE,0.04119011683030161
Bons gages,0.04122800784657847
belge vient,0.0413008089997104
Plata disp,0.04153963840002748
Prix modérés,0.04157559961182178
RUE NEUVE,0.04158686215809094
Samedi soir,0.0415966722686926
Réelle occasion,0.041613267346643924
MAROQUINERIE dem,0.04188928972076202
affaires étrangères,0.042131464923437736
BAT CERCLE,0.04214015827738563
rue Van,0.042164977293042166
VENDRE BELLE,0.04217204333878641
Notaire Van,0.04220088811340268
coup franc,0.042268280272039105
Demande employés,0.042288771833147276
Congo parts,0.042350467655926094
note française,0.042368074783132835
gouvernement belge,0.04245923926647534
rue Vandenlussen,0.04246149937451791
Achat prix,0.04249444238794162
OCTOBRE BRUXELLES,0.042547329042963794
rue Neuve,0.042683807470934115
Comité Central,0.04280968711898507
DÉSARMEMENT RÉGIONAL,0.042846026771683844
dis guis,0.04302982084411427
Dimanche prochain,0.04314586215537977
Rue Neuve,0.04315018405511454
VENDRE Grande,0.043388514796016873
rue Van,0.04344228887047644
conf. mod,0.04347453067580356
café bouillant,0.043492808765845666
général Weygand,0.04361110741054826
GUERRE CHAPITRE,0.043618517871806296
Chambre internationale,0.0438192076833245
Cour militaire,0.04385901464469576
rue Joseph,0.04392105021356111
l’armée territoriale,0.044076359312610676
Agence Belge,0.04408578638386127
conduite intér,0.04411625849543905
intéressante com,0.044170456794141735
fCMININ ’nvs,0.044280236757374414
sociétés d’assurance,0.044424023761758434
députa SÎBflue,0.04451143892564876
SÎBflue tempe,0.04451143892564876
LOUER Libre,0.044514036404146216
FILLE dem,0.04464149061675044
ZZJ Lot,0.04469150597290284
France Paris,0.04488432487289257
demande servante,0.04489369257163695
l’assemblée générale,0.0450296463453401
Bile Vin,0.04505945994874756
106-22 Lot,0.045209527641181704
jeune homme,0.0452761686701947
Lin Calcutta,0.045405680356574135
forte série,0.04548539655327747
Bruxelles bonifie,0.04558637859104463
Agence Rossel,0.04563717475357643
Parc Josaphat,0.04581950288383684
the street,0.04593079213937735
ENCAUSTIQUE Demandez-les,0.04593393612139677
coin rue,0.04597561970463949
ORGANES RESPIRATOIRES,0.04605991819966172
Ttii Avaibrtuitt,0.046062568731021505
Avaibrtuitt Atte,0.046062568731021505
GROUPE LIBÉRAL,0.046215103229220955
ENT D’AUTO,0.04633318477759376
rue Royale,0.04647781742487439
Faire Offres,0.046573812499415834
bon état,0.046624152972799954
Haut Patronage,0.04671943359709516
Van Parys,0.04677932530595683
terrain assw,0.04679248256708813
louer libre,0.0468878199990688
Monsieur Louis,0.046998123663647765
qu’il faut,0.047019793504771056
assw délicat,0.04703192085439237
facteurs déterminants,0.04703192085439237
jeunes pigeons,0.04704982777031873
mètre ZZJ,0.04710865281749362
grands prix,0.04714570272796264
TORPEDO STANDARD,0.0472502623775602
suite d’une,0.04729452669886968
Mme Chantercine,0.04737515282840849
cabinet Painlevé,0.04738947145839318
parti socialiste,0.04741431523756959
Péris HERNIEIÎX,0.04742340589130829
DEMANDE fcennft,0.04746516242453723
Conduite intér,0.047566540293355664
rue Neuve,0.04756675796157108
CHUTE D’UN,0.04784044525513541
territoire d’une,0.04784682321325741
bonnes références,0.04791016813691858
résidant rue,0.04805928571343581
rue Saint-Bernard,0.04805928571343581
rue Marché,0.04816901633743954
Léon Defrêcheux,0.04826806215889097
langue administrative,0.04833506156223545
C’est qu’il,0.04834391622243085
d’un enfant,0.048348989931223565
flotte marchande,0.04847138461564993
mètres PRIX,0.048509412583502665
Situaiivü critique,0.04853443034900476
Rue Royale,0.04863271112183401
Lenders déclare,0.048654856946847985
PIANO état,0.04869499181188885
rue Royale,0.04875994747085459
LUNDI MATIN,0.04878381217177066
Fonds national,0.04883379320757606
Mme Bàwin,0.0488374906465858
CHAMBRE INTERNATIONALE,0.048894345574108974
Pectoral Richelet,0.04901913197464367
côte belge,0.04902801984584971
franc belge,0.04916552096481638
demeurant rue,0.049256938917340336
Cour déclare,0.04935884361689452
VENDRE camion,0.0494995947051933
louer MAISONS,0.049505118713428886
autorités civiles,0.04950575264693153
saison hekmant,0.049558311974935265
belle maison,0.049837629323792106
Louis XVI,0.04990827615569846
parce qu’il,0.049938115625452265
Piano Hanlet,0.050243481996443184
commissaire général,0.050307093194321695
parfait état,0.050358950755164396
Mme Van,0.05064323542661464
incomparable saison,0.05064916696151322
bas prix,0.05083295603425477
CUIR MODÈLE,0.050899281337953434
BRUXELLES Paris,0.05110084316520415
Société Générale,0.051178417839937804
rue Maraîchère,0.051220399058178656
PARIS Paris,0.05134977907794775
coin rue,0.05138195838972849
mardi soir,0.051503003696789736
haut prix,0.05157884334962652
veut Nord,0.05162291044277654
BELLE MAISON,0.05181496536381331
RADICALE San,0.05191241339311326
DEMANDE ouvrier,0.05199389746025757
grand nombre,0.05206231909204619
rue Royale,0.052172559891575605
rue Neuve,0.052303305652862335
rue Van,0.05235250626611667
DEMANDE PIANO,0.05257955876166598
rie Bruxelles,0.05258209254023906
d’un coup,0.05261736240287305
Mlles Baron,0.052641812755037785
PRIX Pianos,0.05268162032493256
tient lieu,0.052737145884479954
Namur Sports,0.05284338499844015
Emile Metz,0.052881964463055646
gouvernement polonais,0.053311218954186355
RUE ROYALE,0.053359487525327494
Mme Carton,0.05349148911457351
HEURES PRIX,0.05359720036031297
grand concours,0.05375148222701521
d’une heure,0.05384328137211695
bon état,0.053887903249318615
Léon Poirier,0.05395202131817896
Torche renversée,0.05406710120474196
NOUVELLE BALLE,0.054093052717621395
place qu’il,0.054131738549443774
l’Académie française,0.05416090131177012
Dimanche prochain,0.05426485536879232
Samedi soir,0.05427149244128068
Société Anonyme,0.05430361999208829
Agença Rossel,0.05451852761969548
rue Royale,0.0546174584660563
rue d’Or,0.05466312261216282
Georges Hautmont,0.05471539647560457
cadavre d’un,0.054787926874627815
LOUER appart,0.055052891999404975
politique qu’il,0.05510409188165585
commit l'imprudence,0.055234324372148154
SACS GARNIS,0.055260285462516094
bonne servante,0.055266747773939126
plan Dawes,0.05547692592001779
Achat bons,0.055492876200419865
Imprudence d’enfant,0.05553714931986652
cris affreux,0.05553714931986652
Gros gages,0.0555806924356445
rue Marché,0.05564869991333618
rue Bara,0.055693294544525596
DEMANDE bons,0.05570046711915459
Cabinet Luther,0.05573042292086387
peine avait-il,0.05584172237909073
petiot poussa,0.05584172237909073
Mme Simone,0.0558925324380255
Joao Chagas,0.055928080980085074
PROCHAINE CONFÉRENCE,0.05608369989465012
DEMANDE ménage,0.056120541415256804
COUR D’APPEL,0.05614748334380709
RUE NEUVE,0.05616915452449537
Victor Reding,0.05617816002829375
PARIS Paris,0.05618439822215849
haut prix,0.05626605783691688
DEMANDE ouvriers,0.0564876249298176
VENDRE belle,0.05652329036864575
générale ordinaire,0.05674633082679514
MORTEL ACCIDENT,0.0567594100772149
demeurant rue,0.05677187171338243
parti libéral,0.05711884836575385
bat Belgique,0.0571227158019998
Mlle Lenoir,0.05715088130185859
meilleurs livres,0.057203605894643954
belle maison,0.05724004807939998
double emploi,0.05724524282509561
contrat d’emploi,0.057414732244156594
RUE NEUVE,0.057472875499101385
charbons allemands,0.0574991220909857
SOLDATS FRANÇAIS,0.05760939153607466
poète wallon,0.05762591025060231
SOIR FILS,0.057727306289692006
Bon piano,0.057800398938126774
MAI BRUXELLES,0.05782589601935013
l'Agence Rossel,0.05787579269186264
PROFESSEUR CROCQ,0.057906060918770604
colonel Vuillemin,0.0579742575982865
camionnette Ford,0.05807608282762835
bon état,0.05817490546034195
Lucien Aumailles,0.058181107339383455
Washington Post,0.058249304098150864
FRANCE Conseil,0.05832989147223678
Rue Neuve,0.058397598467067276
second prix,0.05869838886674339
fcennft eerv,0.05888039665486711
Prix modérés,0.058898094162988454
torpédo Ford,0.05910893719491744
Bile Vin,0.059196928351525346
dos cantons,0.0592980778522372
Fanfare Royale,0.05937758034164744
prix Rue,0.05945047733746144
Van Kerschaven,0.059606342639202343
mètres cubes,0.059668710413823954
demande bon,0.06009196642770215
rue Grand,0.06009198674625639
petite rue,0.06021229229011154
Michigan Avenue,0.06046098683830086
conduite intérieure,0.06054965223792963
ARRESTATION D’UN,0.06056053471370688
rue Royale,0.06064303444331654
Louis XIV,0.06111516774358219
socialistes dans,0.06112721395939649
chambre Louis,0.061365164228542636
BRUXELLES SALLE,0.06155336429454759
Louis XVI,0.06158966832253931
GRAVE ACCIDENT,0.06183477254798673
Bonnes ouvrières,0.061922991115843526
Construction Mécanique,0.06202771090335224
général Peignot,0.06214674873682096
louer Nord,0.06229174780330555
place communale,0.06245715298762564
parfait état,0.06260914149539591
fit Gaspard,0.06262659128357867
délégués ouvriers,0.06304665801763934
délégués patrons,0.06315802868625493
d’un accident,0.06326852605247256
jeune homme,0.06361364551255135
Clear Eye,0.06366088450165219
parti libéral,0.06389774318273397
Société colombophile,0.06391007463210992
dernière guerre,0.06395909259257199
francs Soldés,0.06413072609708449
guerres évitées,0.06424833672311973
GOYS Paris,0.06434566685298035
pasîxi d’un,0.06444264062642939
d’un seul,0.06444264062642939
lieu samedi,0.06453505577278958
Comité Dawes,0.06465034403752798
VENTE PUBLIQUE,0.0648703133073247
salon Louis,0.06499787344882303
jeune fille,0.06559741472091851
GRANDE MARÉE,0.06574834678422001
Auguste Richet,0.06577020021685608
RUE NEUVE,0.06616195792112227
Oscar Lejour,0.06672850758070083
parti socialiste,0.06676993781057254
demande bon,0.06677412095788675
prix gratuit,0.06697891433296088
BRUXELLES OCCASION,0.06701264281235751
bon prix,0.06702087628909627
Lés langues,0.06708604932086541
CINEMA MARIVAUX,0.06725922425187293
cadavre d’une,0.0673387087879957
ABONNEMENTS Agglomération,0.06735112676689044
GUERRES POSSIBLES,0.06764773334424122
parti catholique,0.06778956814121012
Louis Molle,0.06783300447101648
D’UN TRAITÉ,0.06800288809338742
rue Bon,0.06856858512077886
verres Fieuzal,0.06878243782333619
ABONNEMENTS Agglomération,0.0689729363652111
Ligue nationale,0.06903063334019532
Centimes ABONNEMENTS,0.06915764399411628
Agglomération Bruselloiso,0.06923643026951438
SOLDATS FRANÇAIS,0.0692810536057973
parfait état,0.06928623136125558
Lunetterie Franco-Belge,0.06931809970635255
grand conflit,0.06971849569378583
rue Mar,0.06982687665097148
perdu hier,0.06992047671980406
amis français,0.069986506214686
PAGES SOIR,0.07000099365899294
vendre maison,0.07036140628770783
Sans Bandage,0.07058490545686437
pièces qu’il,0.07059365757175065
VIOLENT INCENDIE,0.07070420339197364
Capitalisme d’Etat,0.07079688257997076
VENDRE Camions,0.07095944412362314
DEMANDE PIANO,0.07114730123104136
jeunes filles,0.0712102531391579
libéral sehaerbeekois,0.07124323182942267
faire d’un,0.07124914368550636
franc français,0.07129495038786189
BERTHE JALABERT,0.07139159456759384
SOIR FILS,0.0714664276509245
jeune fille,0.07165285975309298
bas prix,0.07177061286732521
rue Nationale,0.07184991232042584
rue Tenbosch,0.07185175188756754
langue qu’ils,0.07190589567892965
derniers jours,0.07192758823873657
belle maison,0.07196929936238143
guide IMMOBILIER,0.07203598814947627
guerre courus,0.07235934941298786
Maurice KEROUL,0.07246178146637826
DEMANDE courtiers,0.07278568302285107
RUE ROYALE,0.0728454594595538
ABONNEMENTS Agglomération,0.07318521359205603
Krusehen Salts,0.07325058200743745
PATISSERIE dem,0.07326242314090857
TARIF Modèle,0.07349095038739137
langue judiciaire,0.07358671582840642
CHUTE GRAVE,0.07360500259721225
CONSTANT REMY,0.0736728433329843
STYIES Choix,0.07413859989735166
j’attends Marguerite,0.07429966000785995
GUERISON HERNÏEUX,0.07486937401393065
PAVEMENT APRES,0.07535494025562785
parfait état,0.07536912607041159
risques courus,0.07559258039861973
place Rouge,0.0755985069220585
qu’il n’y,0.07571489018435745
demande bonnes,0.07580261757818227
jeune homme,0.07616928137919429
professeur Haskins,0.0765353910625136
VENDRE VOITURE,0.07653970807950994
TAILLEUR dem,0.0769906048622215
Société Européenne,0.07701924577685187
Unione Pubblîcita,0.07701924577685187
Pubblîcita Italiana,0.07701924577685187
PERDU jeudi,0.07704582383062529
Hjtomértüoa Bruxelloise,0.0771913618812653
Camion Ford,0.07765065897786724
Prix modérés,0.07765082564157391
BOUCHERIE dem,0.07795358470963916
CHARLEY SOV,0.07803372040983278
d’une Russie,0.07829991984521523
demeurant rue,0.07840336110287634
grand luxe,0.0784417648331444
belle mais,0.07909451918054641
OCCASION Belle,0.07917991478805182
maison d’habitation,0.07920609545485487
RUE ROYALE,0.07923928753600307
francs Valeur,0.07972044372438006
Perdu lundi,0.08004609649100429
peignoirs Soldé,0.08047054249070176
Prix exceptionnel,0.08069240876350049
rue Navet,0.08073531819775967
d’un grand,0.08085461501161569
LITS blanc-toile,0.08106099394155204
Camionnette FORD,0.08116276995501957
BRUXELLES Rue,0.08163283238071911
XIV chêne,0.08206715833464592
quarante-quatre pays,0.08232161274546655
VENDRE châssis,0.08304034975659604
REVUE D’HIVER,0.08319447066215716
méraUoo Bruxelloise,0.08323015681026505
Allemagne occupe,0.08367958964702553
PERDU BEAU,0.08375930949002246
grand public,0.08391873895874129
DEMANDÉ servante,0.08448635088652791
Allemagne occupé,0.084551568733138
place effective,0.08464375519680195
71-91 Lot,0.08467603085370899
CHARCUTERIE dem,0.08489825209641846
ministère socialiste,0.08515575921456506
Achat prix,0.08588564666012312
parfait état,0.08641651956616084
VENDRE Cause,0.08665973155396034
hier soir,0.08694892460096784
gouvernement britannique,0.08696586672339493
ROME Rome,0.08778633390831334
demande dos,0.08825721873618737
rue Royale,0.08830554112090204
suffrages dans,0.08832531789993286
Congrès international,0.08892447143535902
Palestine d’un,0.08922124822249951
ESSUIE EPONGE,0.08933414215158308
gouvernement ferait,0.08943971347975714
Lettre ouverte,0.08956550027872671
Victor Boucher,0.09004783871337281
Mutuelle belge,0.09067609260783986
DÉLÉGUÉ APOSTOLIQUE,0.0911900365759223
grande Fête,0.09133280822472296
RUE ROYALE,0.09202439434535437
DANSES MODERNES,0.09246043021704739
jeunes filles,0.09290983935942448
Mme Cocardier,0.09325411150826036
octobre prochain,0.09402194601636567
rue Neuve,0.09517469360382207
Van Lint,0.09573201222995467
pays dans,0.0957651016709869
BRUXELLES Tél,0.09648373899111339
grand prix,0.09660774999307296
dans Samson,0.09700577895080516
grande guerre,0.09712435512036292
BRUXELLES Paria,0.09727792586307506
grand intérêt,0.09733743985216049
DANSES MAISON,0.0988734092418649
grand nombre,0.09928217199038104
PAIX Chapitre,0.10015183915539055
Ijes guerres,0.10035063072036714
dangers d’une,0.10082435964595014
bas prix,0.10306297671679718
Ford Ford,0.1035215351517155
lYvytDOJCilu Bruxelles,0.1037583993824295
prix mod,0.10514254183890086
REMY FRANCE,0.10775997009810585
PAGES FILS,0.10911091309077224
vendre torpédo,0.11076433374787535
FILS SPÉCIAUX,0.11478996179090924
mètre Prix,0.1168180811475103
d’un entretien,0.11867290408946997
boulevard Botanique,0.12012486264487668
lias prix,0.12066809093939793
Ecrire prix,0.12360805077880474
bon prix,0.1239154433543938
noir Prix,0.1285455422182331
tarif encontre,0.12935580207460531
Salon Stand,0.13367886105366172
nouveau modèle,0.1353044528905955
FRANS DEWOLF,0.13624749126284133
prix mod,0.14340618223267254
d’un treillage,0.14711096278306057
D’un accès,0.14711096278306057
taie assortie,0.15179838324475595
garnis jours,0.15370201960346508
TAIE D’OREILLER,0.18085959645886962
d’un pari,0.18492995470544496
jours échelles,0.18926344723642627
Bull Montana,0.19217539086597993
